"Longitude (x)","Latitude (y)","Station Name","Climate ID","Date/Time","Year","Month","Day","Data Quality","Max Temp (°C)","Max Temp Flag","Min Temp (°C)","Min Temp Flag","Mean Temp (°C)","Mean Temp Flag","Heat Deg Days (°C)","Heat Deg Days Flag","Cool Deg Days (°C)","Cool Deg Days Flag","Total Rain (mm)","Total Rain Flag","Total Snow (cm)","Total Snow Flag","Total Precip (mm)","Total Precip Flag","Snow on Grnd (cm)","Snow on Grnd Flag","Dir of Max Gust (10s deg)","Dir of Max Gust Flag","Spd of Max Gust (km/h)","Spd of Max Gust Flag"
"-121.51","53.07","BARKERVILLE","1090660","2010-01-01","2010","01","01","†","0.0","","-17.0","","-8.5","","26.5","","0.0","","0.0","","5.0","","5.0","","87","","","","",""
"-121.51","53.07","BARKERVILLE","1090660","2010-01-02","2010","01","02","†","0.0","","-6.0","","-3.0","","21.0","","0.0","","0.0","","7.0","","7.0","","92","","","","",""
"-121.51","53.07","BARKERVILLE","1090660","2010-01-03","2010","01","03","†","-4.0","","-11.0","","-7.5","","25.5","","0.0","","0.0","","0.0","","0.0","","95","","","","",""
"-121.51","53.07","BARKERVILLE","1090660","2010-01-04","2010","01","04","†","-9.5","","-19.5","","-14.5","","32.5","","0.0","","0.0","","0.0","","0.0","","95","","","","",""
"-121.51","53.07","BARKERVILLE","1090660","2010-01-05","2010","01","05","†","-15.0","","-23.5","","-19.3","","37.3","","0.0","","0.0","","0.0","","0.0","","92","","","","",""
"-121.51","53.07","BARKERVILLE","1090660","2010-01-06","2010","01","06","†","-9.0","","-22.5","","-15.8","","33.8","","0.0","","0.0","","0.0","","0.0","","86","","","","",""
"-121.51","53.07","BARKERVILLE","1090660","2010-01-07","2010","01","07","†","-0.5","","-16.0","","-8.3","","26.3","","0.0","","0.0","","1.0","","1.0","","85","","","","",""
"-121.51","53.07","BARKERVILLE","1090660","2010-01-08","2010","01","08","†","1.0","","-8.0","","-3.5","","21.5","","0.0","","0.0","","0.0","","0.0","","85","","","","",""
"-121.51","53.07","BARKERVILLE","1090660","2010-01-09","2010","01","09","†","4.0","","-5.0","","-0.5","","18.5","","0.0","","0.6","","0.0","","0.6","","84","","","","",""
"-121.51","53.07","BARKERVILLE","1090660","2010-01-10","2010","01","10","†","5.5","","-1.5","","2.0","","16.0","","0.0","","0.8","","0.0","","0.8","","84","","","","",""
"-121.51","53.07","BARKERVILLE","1090660","2010-01-11","2010","01","11","†","6.0","","1.0","","3.5","","14.5","","0.0","","2.0","","0.0","","2.0","","82","","","","",""
"-121.51","53.07","BARKERVILLE","1090660","2010-01-12","2010","01","12","†","6.0","","1.0","","3.5","","14.5","","0.0","","0.0","","0.0","","0.0","","80","","","","",""
"-121.51","53.07","BARKERVILLE","1090660","2010-01-13","2010","01","13","†","2.5","","-5.0","","-1.3","","19.3","","0.0","","0.0","","0.0","","0.0","","80","","","","",""
"-121.51","53.07","BARKERVILLE","1090660","2010-01-14","2010","01","14","†","3.0","","-3.0","","0.0","","18.0","","0.0","","0.0","","1.0","","1.0","","78","","","","",""
"-121.51","53.07","BARKERVILLE","1090660","2010-01-15","2010","01","15","†","1.0","","-1.0","","0.0","","18.0","","0.0","","0.0","","9.0","","9.0","","78","","","","",""
"-121.51","53.07","BARKERVILLE","1090660","2010-01-16","2010","01","16","†","-2.0","","-12.0","","-7.0","","25.0","","0.0","","0.0","","1.0","","1.0","","86","","","","",""
"-121.51","53.07","BARKERVILLE","1090660","2010-01-17","2010","01","17","†","3.0","","-12.0","","-4.5","","22.5","","0.0","","0.0","","2.0","","2.0","","85","","","","",""
"-121.51","53.07","BARKERVILLE","1090660","2010-01-18","2010","01","18","†","4.0","","-8.0","","-2.0","","20.0","","0.0","","0.0","","0.0","","0.0","","84","","","","",""
"-121.51","53.07","BARKERVILLE","1090660","2010-01-19","2010","01","19","†","-4.0","","-9.0","","-6.5","","24.5","","0.0","","0.0","","0.0","","0.0","","84","","","","",""
"-121.51","53.07","BARKERVILLE","1090660","2010-01-20","2010","01","20","†","5.0","","-8.5","","-1.8","","19.8","","0.0","","0.0","","0.0","","0.0","","84","","","","",""
"-121.51","53.07","BARKERVILLE","1090660","2010-01-21","2010","01","21","†","1.0","","-8.0","","-3.5","","21.5","","0.0","","0.0","","0.0","","0.0","","83","","","","",""
"-121.51","53.07","BARKERVILLE","1090660","2010-01-22","2010","01","22","†","-2.0","","-10.0","","-6.0","","24.0","","0.0","","0.0","","0.0","","0.0","","82","","","","",""
"-121.51","53.07","BARKERVILLE","1090660","2010-01-23","2010","01","23","†","-5.0","","-16.0","","-10.5","","28.5","","0.0","","0.0","","0.0","","0.0","","82","","","","",""
"-121.51","53.07","BARKERVILLE","1090660","2010-01-24","2010","01","24","†","-5.0","","-19.0","","-12.0","","30.0","","0.0","","0.0","","2.0","","2.0","","82","","","","",""
"-121.51","53.07","BARKERVILLE","1090660","2010-01-25","2010","01","25","†","0.0","","-15.0","","-7.5","","25.5","","0.0","","0.0","","0.0","","0.0","","84","","","","",""
"-121.51","53.07","BARKERVILLE","1090660","2010-01-26","2010","01","26","†","-1.0","","-8.0","","-4.5","","22.5","","0.0","","0.0","","0.0","","0.0","","84","","","","",""
"-121.51","53.07","BARKERVILLE","1090660","2010-01-27","2010","01","27","†","2.0","","-8.0","","-3.0","","21.0","","0.0","","0.0","","0.0","","0.0","","82","","","","",""
"-121.51","53.07","BARKERVILLE","1090660","2010-01-28","2010","01","28","†","3.5","","-9.0","","-2.8","","20.8","","0.0","","0.0","","0.0","","0.0","","82","","","","",""
"-121.51","53.07","BARKERVILLE","1090660","2010-01-29","2010","01","29","†","5.0","","-5.5","","-0.3","","18.3","","0.0","","0.0","","0.0","","0.0","","82","","","","",""
"-121.51","53.07","BARKERVILLE","1090660","2010-01-30","2010","01","30","†","1.0","","-4.0","","-1.5","","19.5","","0.0","","1.5","","9.5","","11.0","","80","","","","",""
"-121.51","53.07","BARKERVILLE","1090660","2010-01-31","2010","01","31","","","","","","","","","","","","","","","","","","","","","","",""
"-121.51","53.07","BARKERVILLE","1090660","2010-02-01","2010","02","01","†","-1.0","","-4.5","","-2.8","","20.8","","0.0","","0.0","","3.0","","3.0","","91","","","","",""
"-121.51","53.07","BARKERVILLE","1090660","2010-02-02","2010","02","02","","","","","","","","","","","","","","","","","","","","","","",""
"-121.51","53.07","BARKERVILLE","1090660","2010-02-03","2010","02","03","","","","","","","","","","","","","","","","","","","","","","",""
"-121.51","53.07","BARKERVILLE","1090660","2010-02-04","2010","02","04","†","2.5","","-5.5","","-1.5","","19.5","","0.0","","0.0","","0.0","","0.0","","92","","","","",""
"-121.51","53.07","BARKERVILLE","1090660","2010-02-05","2010","02","05","†","2.0","","-9.0","","-3.5","","21.5","","0.0","","0.0","","0.0","T","0.0","T","91","","","","",""
"-121.51","53.07","BARKERVILLE","1090660","2010-02-06","2010","02","06","†","3.0","","-10.0","","-3.5","","21.5","","0.0","","0.0","","0.0","","0.0","","91","","","","",""
"-121.51","53.07","BARKERVILLE","1090660","2010-02-07","2010","02","07","†","4.0","","-10.0","","-3.0","","21.0","","0.0","","0.0","","0.0","","0.0","","90","","","","",""
"-121.51","53.07","BARKERVILLE","1090660","2010-02-08","2010","02","08","†","3.5","","-10.0","","-3.3","","21.3","","0.0","","0.0","","0.0","","0.0","","90","","","","",""
"-121.51","53.07","BARKERVILLE","1090660","2010-02-09","2010","02","09","†","0.0","","-13.0","","-6.5","","24.5","","0.0","","0.0","","1.0","","1.0","","90","","","","",""
"-121.51","53.07","BARKERVILLE","1090660","2010-02-10","2010","02","10","†","2.5","","-7.0","","-2.3","","20.3","","0.0","","0.0","","0.0","","0.0","","90","","","","",""
"-121.51","53.07","BARKERVILLE","1090660","2010-02-11","2010","02","11","†","2.0","","-10.0","","-4.0","","22.0","","0.0","","0.0","","1.0","","1.0","","89","","","","",""
"-121.51","53.07","BARKERVILLE","1090660","2010-02-12","2010","02","12","†","5.0","","-4.0","","0.5","","17.5","","0.0","","0.0","","0.0","","0.0","","90","","","","",""
"-121.51","53.07","BARKERVILLE","1090660","2010-02-13","2010","02","13","†","6.0","","-7.0","","-0.5","","18.5","","0.0","","0.6","","0.0","","0.6","","89","","","","",""
"-121.51","53.07","BARKERVILLE","1090660","2010-02-14","2010","02","14","†","4.0","","-2.5","","0.8","","17.2","","0.0","","2.5","","2.5","","5.0","","88","","","","",""
"-121.51","53.07","BARKERVILLE","1090660","2010-02-15","2010","02","15","†","3.0","","-10.0","","-3.5","","21.5","","0.0","","0.0","","1.5","","1.5","","89","","","","",""
"-121.51","53.07","BARKERVILLE","1090660","2010-02-16","2010","02","16","†","1.0","","-7.0","","-3.0","","21.0","","0.0","","0.0","","5.0","","5.0","","90","","","","",""
"-121.51","53.07","BARKERVILLE","1090660","2010-02-17","2010","02","17","†","0.0","","-10.0","","-5.0","","23.0","","0.0","","0.0","","1.5","","1.5","","93","","","","",""
"-121.51","53.07","BARKERVILLE","1090660","2010-02-18","2010","02","18","†","0.0","","-14.0","","-7.0","","25.0","","0.0","","0.0","","0.0","","0.0","","93","","","","",""
"-121.51","53.07","BARKERVILLE","1090660","2010-02-19","2010","02","19","†","0.0","","-15.0","","-7.5","","25.5","","0.0","","0.0","","0.0","","0.0","","93","","","","",""
"-121.51","53.07","BARKERVILLE","1090660","2010-02-20","2010","02","20","†","1.0","","-12.5","","-5.8","","23.8","","0.0","","0.0","","0.0","","0.0","","92","","","","",""
"-121.51","53.07","BARKERVILLE","1090660","2010-02-21","2010","02","21","†","2.5","","-14.0","","-5.8","","23.8","","0.0","","0.0","","0.0","","0.0","","92","","","","",""
"-121.51","53.07","BARKERVILLE","1090660","2010-02-22","2010","02","22","†","4.0","","-13.0","","-4.5","","22.5","","0.0","","0.0","","0.0","","0.0","","92","","","","",""
"-121.51","53.07","BARKERVILLE","1090660","2010-02-23","2010","02","23","†","5.0","","-11.0","","-3.0","","21.0","","0.0","","0.0","","1.0","","1.0","","92","","","","",""
"-121.51","53.07","BARKERVILLE","1090660","2010-02-24","2010","02","24","†","4.0","","-8.0","","-2.0","","20.0","","0.0","","0.0","","0.0","","0.0","","92","","","","",""
"-121.51","53.07","BARKERVILLE","1090660","2010-02-25","2010","02","25","†","3.5","","-3.0","","0.3","","17.7","","0.0","","0.0","","1.0","","1.0","","91","","","","",""
"-121.51","53.07","BARKERVILLE","1090660","2010-02-26","2010","02","26","†","2.5","","-9.0","","-3.3","","21.3","","0.0","","0.0","","4.0","","4.0","","92","","","","",""
"-121.51","53.07","BARKERVILLE","1090660","2010-02-27","2010","02","27","†","2.0","","-2.0","","0.0","","18.0","","0.0","","0.0","","6.0","","6.0","","95","","","","",""
"-121.51","53.07","BARKERVILLE","1090660","2010-02-28","2010","02","28","†","6.0","","-2.0","","2.0","","16.0","","0.0","","0.0","","0.0","","0.0","","99","","","","",""
"-121.51","53.07","BARKERVILLE","1090660","2010-03-01","2010","03","01","†","8.0","","-5.0","","1.5","","16.5","","0.0","","0.0","","0.0","","0.0","","92","","","","",""
"-121.51","53.07","BARKERVILLE","1090660","2010-03-02","2010","03","02","†","8.5","","-0.5","","4.0","","14.0","","0.0","","0.0","","0.0","","0.0","","91","","","","",""
"-121.51","53.07","BARKERVILLE","1090660","2010-03-03","2010","03","03","†","7.0","","-5.0","","1.0","","17.0","","0.0","","0.0","","0.0","","0.0","","89","","","","",""
"-121.51","53.07","BARKERVILLE","1090660","2010-03-04","2010","03","04","†","6.5","","-6.0","","0.3","","17.7","","0.0","","0.0","","0.0","","0.0","","88","","","","",""
"-121.51","53.07","BARKERVILLE","1090660","2010-03-05","2010","03","05","†","6.0","","-6.0","","0.0","","18.0","","0.0","","0.0","","0.0","","0.0","","87","","","","",""
"-121.51","53.07","BARKERVILLE","1090660","2010-03-06","2010","03","06","†","7.5","","-7.0","","0.3","","17.7","","0.0","","0.0","","0.0","","0.0","","87","","","","",""
"-121.51","53.07","BARKERVILLE","1090660","2010-03-07","2010","03","07","","","","","","","","","","","","","","","","","","","","","","",""
"-121.51","53.07","BARKERVILLE","1090660","2010-03-08","2010","03","08","","","","","","","","","","","","","","","","","","","","","","",""
"-121.51","53.07","BARKERVILLE","1090660","2010-03-09","2010","03","09","†","-0.5","","-20.0","","-10.3","","28.3","","0.0","","0.0","","0.0","","0.0","","","M","","","",""
"-121.51","53.07","BARKERVILLE","1090660","2010-03-10","2010","03","10","†","1.5","","-13.0","","-5.8","","23.8","","0.0","","0.0","","0.5","","0.5","","86","","","","",""
"-121.51","53.07","BARKERVILLE","1090660","2010-03-11","2010","03","11","†","1.5","","-5.0","","-1.8","","19.8","","0.0","","2.0","","0.5","","2.5","","86","","","","",""
"-121.51","53.07","BARKERVILLE","1090660","2010-03-12","2010","03","12","†","-2.0","","-9.0","","-5.5","","23.5","","0.0","","0.0","","0.0","","0.0","","88","","","","",""
"-121.51","53.07","BARKERVILLE","1090660","2010-03-13","2010","03","13","†","2.5","","-13.0","","-5.3","","23.3","","0.0","","0.0","","0.0","","0.0","","88","","","","",""
"-121.51","53.07","BARKERVILLE","1090660","2010-03-14","2010","03","14","†","4.0","","-6.0","","-1.0","","19.0","","0.0","","0.4","","0.0","","0.4","","86","","","","",""
"-121.51","53.07","BARKERVILLE","1090660","2010-03-15","2010","03","15","†","8.5","","-6.0","","1.3","","16.7","","0.0","","0.2","","0.0","","0.2","","86","","","","",""
"-121.51","53.07","BARKERVILLE","1090660","2010-03-16","2010","03","16","†","6.5","","1.0","","3.8","","14.2","","0.0","","3.6","","0.0","","3.6","","84","","","","",""
"-121.51","53.07","BARKERVILLE","1090660","2010-03-17","2010","03","17","†","5.0","","-3.0","","1.0","","17.0","","0.0","","0.0","","0.0","","0.0","","79","","","","",""
"-121.51","53.07","BARKERVILLE","1090660","2010-03-18","2010","03","18","†","2.5","","-1.0","","0.8","","17.2","","0.0","","0.0","","0.0","","0.0","","78","","","","",""
"-121.51","53.07","BARKERVILLE","1090660","2010-03-19","2010","03","19","†","6.0","","-10.0","","-2.0","","20.0","","0.0","","0.0","","0.0","","0.0","","78","","","","",""
"-121.51","53.07","BARKERVILLE","1090660","2010-03-20","2010","03","20","†","8.5","","-8.0","","0.3","","17.7","","0.0","","0.0","","0.0","","0.0","","77","","","","",""
"-121.51","53.07","BARKERVILLE","1090660","2010-03-21","2010","03","21","†","5.5","","-3.0","","1.3","","16.7","","0.0","","1.6","","4.0","","5.6","","75","","","","",""
"-121.51","53.07","BARKERVILLE","1090660","2010-03-22","2010","03","22","†","2.5","","-5.0","","-1.3","","19.3","","0.0","","4.6","","5.0","","9.6","","74","","","","",""
"-121.51","53.07","BARKERVILLE","1090660","2010-03-23","2010","03","23","†","4.0","","-3.5","","0.3","","17.7","","0.0","","0.0","","0.0","","0.0","","74","","","","",""
"-121.51","53.07","BARKERVILLE","1090660","2010-03-24","2010","03","24","†","11.0","","-5.5","","2.8","","15.2","","0.0","","0.4","","0.0","","0.4","","70","","","","",""
"-121.51","53.07","BARKERVILLE","1090660","2010-03-25","2010","03","25","†","9.5","","-6.0","","1.8","","16.2","","0.0","","0.0","","0.0","","0.0","","68","","","","",""
"-121.51","53.07","BARKERVILLE","1090660","2010-03-26","2010","03","26","†","5.0","","0.0","","2.5","","15.5","","0.0","","2.0","","0.0","","2.0","","68","","","","",""
"-121.51","53.07","BARKERVILLE","1090660","2010-03-27","2010","03","27","†","6.0","","-1.0","","2.5","","15.5","","0.0","","0.0","","0.0","","0.0","","64","","","","",""
"-121.51","53.07","BARKERVILLE","1090660","2010-03-28","2010","03","28","†","7.0","","1.0","","4.0","","14.0","","0.0","","0.0","","0.0","","0.0","","61","","","","",""
"-121.51","53.07","BARKERVILLE","1090660","2010-03-29","2010","03","29","†","5.5","","0.0","","2.8","","15.2","","0.0","","0.0","","0.0","","0.0","","55","","","","",""
"-121.51","53.07","BARKERVILLE","1090660","2010-03-30","2010","03","30","†","4.0","","-6.0","","-1.0","","19.0","","0.0","","1.4","","0.0","","1.4","","55","","","","",""
"-121.51","53.07","BARKERVILLE","1090660","2010-03-31","2010","03","31","†","2.5","","-7.0","","-2.3","","20.3","","0.0","","0.0","","0.0","","0.0","","","M","","","",""
"-121.51","53.07","BARKERVILLE","1090660","2010-04-01","2010","04","01","†","1.5","","-9.0","","-3.8","","21.8","","0.0","","0.4","","1.0","","1.4","","55","","","","",""
"-121.51","53.07","BARKERVILLE","1090660","2010-04-02","2010","04","02","†","2.0","","-6.0","","-2.0","","20.0","","0.0","","0.8","","8.5","","9.3","","57","","","","",""
"-121.51","53.07","BARKERVILLE","1090660","2010-04-03","2010","04","03","†","2.0","","-4.5","","-1.3","","19.3","","0.0","","2.0","","6.0","","8.0","","59","","","","",""
"-121.51","53.07","BARKERVILLE","1090660","2010-04-04","2010","04","04","†","2.5","","-12.0","","-4.8","","22.8","","0.0","","1.8","","0.0","","1.8","","64","","","","",""
"-121.51","53.07","BARKERVILLE","1090660","2010-04-05","2010","04","05","†","6.5","","-10.5","","-2.0","","20.0","","0.0","","0.0","","2.0","","2.0","","63","","","","",""
"-121.51","53.07","BARKERVILLE","1090660","2010-04-06","2010","04","06","†","4.0","","-6.0","","-1.0","","19.0","","0.0","","1.2","","3.0","","4.2","","60","","","","",""
"-121.51","53.07","BARKERVILLE","1090660","2010-04-07","2010","04","07","†","4.0","","-2.0","","1.0","","17.0","","0.0","","0.2","","19.0","","19.2","","57","","","","",""
"-121.51","53.07","BARKERVILLE","1090660","2010-04-08","2010","04","08","†","-2.0","","-6.0","","-4.0","","22.0","","0.0","","0.0","","0.0","","0.0","","75","","","","",""
"-121.51","53.07","BARKERVILLE","1090660","2010-04-09","2010","04","09","†","-2.0","","-14.0","","-8.0","","26.0","","0.0","","1.0","","2.0","","3.0","","","M","","","",""
"-121.51","53.07","BARKERVILLE","1090660","2010-04-10","2010","04","10","†","2.0","","-15.0","","-6.5","","24.5","","0.0","","0.0","","0.0","","0.0","","68","","","","",""
"-121.51","53.07","BARKERVILLE","1090660","2010-04-11","2010","04","11","†","4.5","","-14.0","","-4.8","","22.8","","0.0","","0.0","","0.0","","0.0","","64","","","","",""
"-121.51","53.07","BARKERVILLE","1090660","2010-04-12","2010","04","12","†","8.0","","-11.0","","-1.5","","19.5","","0.0","","0.0","","0.0","","0.0","","58","","","","",""
"-121.51","53.07","BARKERVILLE","1090660","2010-04-13","2010","04","13","†","8.5","","-6.0","","1.3","","16.7","","0.0","","0.0","","0.0","","0.0","","56","","","","",""
"-121.51","53.07","BARKERVILLE","1090660","2010-04-14","2010","04","14","†","12.5","","-6.0","","3.3","","14.7","","0.0","","0.0","","0.0","","0.0","","55","","","","",""
"-121.51","53.07","BARKERVILLE","1090660","2010-04-15","2010","04","15","†","16.0","","-4.0","","6.0","","12.0","","0.0","","0.0","","0.0","","0.0","","54","","","","",""
"-121.51","53.07","BARKERVILLE","1090660","2010-04-16","2010","04","16","†","14.5","","-1.5","","6.5","","11.5","","0.0","","0.0","","0.0","","0.0","","47","","","","",""
"-121.51","53.07","BARKERVILLE","1090660","2010-04-17","2010","04","17","†","12.5","","-1.0","","5.8","","12.2","","0.0","","0.0","","0.0","","0.0","","45","","","","",""
"-121.51","53.07","BARKERVILLE","1090660","2010-04-18","2010","04","18","†","13.5","","-1.0","","6.3","","11.7","","0.0","","1.2","","0.0","","1.2","","29","","","","",""
"-121.51","53.07","BARKERVILLE","1090660","2010-04-19","2010","04","19","†","17.0","","2.0","","9.5","","8.5","","0.0","","0.0","","0.0","","0.0","","10","","","","",""
"-121.51","53.07","BARKERVILLE","1090660","2010-04-20","2010","04","20","†","19.5","","-1.0","","9.3","","8.7","","0.0","","0.0","","0.0","","0.0","","0","","","","",""
"-121.51","53.07","BARKERVILLE","1090660","2010-04-21","2010","04","21","†","5.5","","0.0","","2.8","","15.2","","0.0","","2.2","","2.5","","4.7","","","M","","","",""
"-121.51","53.07","BARKERVILLE","1090660","2010-04-22","2010","04","22","†","5.5","","-5.0","","0.3","","17.7","","0.0","","0.0","","0.0","","0.0","","","M","","","",""
"-121.51","53.07","BARKERVILLE","1090660","2010-04-23","2010","04","23","†","7.5","","-6.0","","0.8","","17.2","","0.0","","0.0","","9.0","","9.0","","","M","","","",""
"-121.51","53.07","BARKERVILLE","1090660","2010-04-24","2010","04","24","†","5.0","","-1.0","","2.0","","16.0","","0.0","","1.2","","0.0","","1.2","","","M","","","",""
"-121.51","53.07","BARKERVILLE","1090660","2010-04-25","2010","04","25","†","7.5","","-4.0","","1.8","","16.2","","0.0","","1.2","","0.0","","1.2","","","M","","","",""
"-121.51","53.07","BARKERVILLE","1090660","2010-04-26","2010","04","26","†","8.5","","-4.0","","2.3","","15.7","","0.0","","3.4","","0.0","","3.4","","","M","","","",""
"-121.51","53.07","BARKERVILLE","1090660","2010-04-27","2010","04","27","†","9.0","","2.0","","5.5","","12.5","","0.0","","4.4","","0.0","","4.4","","","M","","","",""
"-121.51","53.07","BARKERVILLE","1090660","2010-04-28","2010","04","28","†","8.5","","0.0","","4.3","","13.7","","0.0","","0.6","","0.0","","0.6","","","M","","","",""
"-121.51","53.07","BARKERVILLE","1090660","2010-04-29","2010","04","29","†","8.0","","-1.0","","3.5","","14.5","","0.0","","0.0","T","0.0","","0.0","T","","M","","","",""
"-121.51","53.07","BARKERVILLE","1090660","2010-04-30","2010","04","30","†","9.0","","-1.0","","4.0","","14.0","","0.0","","0.0","","0.0","","0.0","","","M","","","",""
"-121.51","53.07","BARKERVILLE","1090660","2010-05-01","2010","05","01","†","4.5","","0.0","","2.3","","15.7","","0.0","","11.0","","5.0","","16.0","","9","","","","",""
"-121.51","53.07","BARKERVILLE","1090660","2010-05-02","2010","05","02","†","2.5","","-2.0","","0.3","","17.7","","0.0","","32.0","","9.0","","41.0","","","M","","","",""
"-121.51","53.07","BARKERVILLE","1090660","2010-05-03","2010","05","03","†","2.0","","-2.0","","0.0","","18.0","","0.0","","0.0","","12.5","","12.5","","13","","","","",""
"-121.51","53.07","BARKERVILLE","1090660","2010-05-04","2010","05","04","†","1.0","","-2.5","","-0.8","","18.8","","0.0","","0.0","","0.0","","0.0","","10","","","","",""
"-121.51","53.07","BARKERVILLE","1090660","2010-05-05","2010","05","05","†","5.0","","-7.5","","-1.3","","19.3","","0.0","","0.0","","0.0","","0.0","","4","","","","",""
"-121.51","53.07","BARKERVILLE","1090660","2010-05-06","2010","05","06","†","6.0","","-7.5","","-0.8","","18.8","","0.0","","0.0","","0.0","","0.0","","","M","","","",""
"-121.51","53.07","BARKERVILLE","1090660","2010-05-07","2010","05","07","†","6.5","","-3.0","","1.8","","16.2","","0.0","","0.0","","0.0","","0.0","","","M","","","",""
"-121.51","53.07","BARKERVILLE","1090660","2010-05-08","2010","05","08","†","6.5","","-5.5","","0.5","","17.5","","0.0","","0.0","","0.0","","0.0","","","M","","","",""
"-121.51","53.07","BARKERVILLE","1090660","2010-05-09","2010","05","09","†","9.0","","-5.5","","1.8","","16.2","","0.0","","0.0","T","0.0","","0.0","T","","M","","","",""
"-121.51","53.07","BARKERVILLE","1090660","2010-05-10","2010","05","10","","","","","","","","","","","","","","","","","","","","","","",""
"-121.51","53.07","BARKERVILLE","1090660","2010-05-11","2010","05","11","†","12.0","","-2.5","","4.8","","13.2","","0.0","","0.0","","0.0","","0.0","","","M","","","",""
"-121.51","53.07","BARKERVILLE","1090660","2010-05-12","2010","05","12","†","14.0","","1.0","","7.5","","10.5","","0.0","","0.0","","0.0","","0.0","","","M","","","",""
"-121.51","53.07","BARKERVILLE","1090660","2010-05-13","2010","05","13","†","14.0","","-1.0","","6.5","","11.5","","0.0","","0.0","","0.0","","0.0","","","M","","","",""
"-121.51","53.07","BARKERVILLE","1090660","2010-05-14","2010","05","14","†","16.0","","-0.5","","7.8","","10.2","","0.0","","0.0","","0.0","","0.0","","","M","","","",""
"-121.51","53.07","BARKERVILLE","1090660","2010-05-15","2010","05","15","†","18.5","","0.0","","9.3","","8.7","","0.0","","0.0","","0.0","","0.0","","","M","","","",""
"-121.51","53.07","BARKERVILLE","1090660","2010-05-16","2010","05","16","†","15.5","","0.5","","8.0","","10.0","","0.0","","0.0","","0.0","","0.0","","","M","","","",""
"-121.51","53.07","BARKERVILLE","1090660","2010-05-17","2010","05","17","†","18.5","","3.5","","11.0","","7.0","","0.0","","0.6","","0.0","","0.6","","","M","","","",""
"-121.51","53.07","BARKERVILLE","1090660","2010-05-18","2010","05","18","†","17.0","","5.5","","11.3","","6.7","","0.0","","5.3","","0.0","","5.3","","","M","","","",""
"-121.51","53.07","BARKERVILLE","1090660","2010-05-19","2010","05","19","†","13.5","","1.5","","7.5","","10.5","","0.0","","0.6","","0.0","","0.6","","","M","","","",""
"-121.51","53.07","BARKERVILLE","1090660","2010-05-20","2010","05","20","†","9.0","","3.0","","6.0","","12.0","","0.0","","2.6","","1.0","","3.6","","","M","","","",""
"-121.51","53.07","BARKERVILLE","1090660","2010-05-21","2010","05","21","†","3.0","","0.0","","1.5","","16.5","","0.0","","2.4","","5.0","","7.4","","","M","","","",""
"-121.51","53.07","BARKERVILLE","1090660","2010-05-22","2010","05","22","†","5.0","","-1.0","","2.0","","16.0","","0.0","","0.0","","0.0","","0.0","","","M","","","",""
"-121.51","53.07","BARKERVILLE","1090660","2010-05-23","2010","05","23","†","7.0","","-2.5","","2.3","","15.7","","0.0","","0.0","","0.0","","0.0","","","M","","","",""
"-121.51","53.07","BARKERVILLE","1090660","2010-05-24","2010","05","24","†","12.0","","-2.0","","5.0","","13.0","","0.0","","0.2","","0.0","","0.2","","","M","","","",""
"-121.51","53.07","BARKERVILLE","1090660","2010-05-25","2010","05","25","†","14.5","","0.0","","7.3","","10.7","","0.0","","0.0","","0.0","","0.0","","","M","","","",""
"-121.51","53.07","BARKERVILLE","1090660","2010-05-26","2010","05","26","†","16.5","","2.5","","9.5","","8.5","","0.0","","0.0","","0.0","","0.0","","","M","","","",""
"-121.51","53.07","BARKERVILLE","1090660","2010-05-27","2010","05","27","†","15.0","","3.0","","9.0","","9.0","","0.0","","0.0","","0.0","","0.0","","","M","","","",""
"-121.51","53.07","BARKERVILLE","1090660","2010-05-28","2010","05","28","†","11.5","","5.0","","8.3","","9.7","","0.0","","2.4","","0.0","","2.4","","","M","","","",""
"-121.51","53.07","BARKERVILLE","1090660","2010-05-29","2010","05","29","†","12.0","","2.0","","7.0","","11.0","","0.0","","1.0","","0.0","","1.0","","","M","","","",""
"-121.51","53.07","BARKERVILLE","1090660","2010-05-30","2010","05","30","†","13.0","","-1.0","","6.0","","12.0","","0.0","","0.0","","0.0","","0.0","","","M","","","",""
"-121.51","53.07","BARKERVILLE","1090660","2010-05-31","2010","05","31","†","15.0","","1.0","","8.0","","10.0","","0.0","","0.0","","0.0","","0.0","","","M","","","",""
"-121.51","53.07","BARKERVILLE","1090660","2010-06-01","2010","06","01","†","15.0","","3.0","","9.0","","9.0","","0.0","","0.6","","0.0","","0.6","","","M","","","",""
"-121.51","53.07","BARKERVILLE","1090660","2010-06-02","2010","06","02","†","13.5","","3.0","","8.3","","9.7","","0.0","","3.0","","2.5","","5.5","","","M","","","",""
"-121.51","53.07","BARKERVILLE","1090660","2010-06-03","2010","06","03","†","11.0","","0.5","","5.8","","12.2","","0.0","","0.4","","0.0","","0.4","","","M","","","",""
"-121.51","53.07","BARKERVILLE","1090660","2010-06-04","2010","06","04","†","11.0","","-1.0","","5.0","","13.0","","0.0","","4.2","","0.0","","4.2","","","M","","","",""
"-121.51","53.07","BARKERVILLE","1090660","2010-06-05","2010","06","05","†","11.0","","3.5","","7.3","","10.7","","0.0","","0.9","","0.0","","0.9","","","M","","","",""
"-121.51","53.07","BARKERVILLE","1090660","2010-06-06","2010","06","06","†","16.0","","1.0","","8.5","","9.5","","0.0","","15.3","","0.0","","15.3","","","M","","","",""
"-121.51","53.07","BARKERVILLE","1090660","2010-06-07","2010","06","07","†","11.5","","3.5","","7.5","","10.5","","0.0","","2.6","","0.0","","2.6","","","M","","","",""
"-121.51","53.07","BARKERVILLE","1090660","2010-06-08","2010","06","08","†","11.5","","1.5","","6.5","","11.5","","0.0","","0.6","","0.0","","0.6","","","M","","","",""
"-121.51","53.07","BARKERVILLE","1090660","2010-06-09","2010","06","09","†","16.0","","1.0","","8.5","","9.5","","0.0","","0.0","","0.0","","0.0","","","M","","","",""
"-121.51","53.07","BARKERVILLE","1090660","2010-06-10","2010","06","10","†","14.0","","3.0","","8.5","","9.5","","0.0","","0.0","","0.0","","0.0","","","M","","","",""
"-121.51","53.07","BARKERVILLE","1090660","2010-06-11","2010","06","11","†","18.5","","1.5","","10.0","","8.0","","0.0","","0.0","","0.0","","0.0","","","M","","","",""
"-121.51","53.07","BARKERVILLE","1090660","2010-06-12","2010","06","12","†","22.0","","4.0","","13.0","","5.0","","0.0","","3.0","","0.0","","3.0","","","M","","","",""
"-121.51","53.07","BARKERVILLE","1090660","2010-06-13","2010","06","13","†","15.0","","5.0","","10.0","","8.0","","0.0","","6.0","","0.0","","6.0","","","M","","","",""
"-121.51","53.07","BARKERVILLE","1090660","2010-06-14","2010","06","14","†","10.5","","1.0","","5.8","","12.2","","0.0","","0.0","","0.0","","0.0","","","M","","","",""
"-121.51","53.07","BARKERVILLE","1090660","2010-06-15","2010","06","15","†","13.0","","-1.5","","5.8","","12.2","","0.0","","0.0","","0.0","","0.0","","","M","","","",""
"-121.51","53.07","BARKERVILLE","1090660","2010-06-16","2010","06","16","†","18.0","","0.0","","9.0","","9.0","","0.0","","0.0","","0.0","","0.0","","","M","","","",""
"-121.51","53.07","BARKERVILLE","1090660","2010-06-17","2010","06","17","†","18.0","","1.5","","9.8","","8.2","","0.0","","0.0","","0.0","","0.0","","","M","","","",""
"-121.51","53.07","BARKERVILLE","1090660","2010-06-18","2010","06","18","†","20.0","","3.0","","11.5","","6.5","","0.0","","0.0","","0.0","","0.0","","","M","","","",""
"-121.51","53.07","BARKERVILLE","1090660","2010-06-19","2010","06","19","†","22.5","","4.0","","13.3","","4.7","","0.0","","0.0","","0.0","","0.0","","","M","","","",""
"-121.51","53.07","BARKERVILLE","1090660","2010-06-20","2010","06","20","†","20.0","","5.5","","12.8","","5.2","","0.0","","2.4","","0.0","","2.4","","","M","","","",""
"-121.51","53.07","BARKERVILLE","1090660","2010-06-21","2010","06","21","†","19.0","","5.5","","12.3","","5.7","","0.0","","0.0","","0.0","","0.0","","","M","","","",""
"-121.51","53.07","BARKERVILLE","1090660","2010-06-22","2010","06","22","†","19.5","","6.0","","12.8","","5.2","","0.0","","1.8","","0.0","","1.8","","","M","","","",""
"-121.51","53.07","BARKERVILLE","1090660","2010-06-23","2010","06","23","†","17.5","","8.5","","13.0","","5.0","","0.0","","4.4","","0.0","","4.4","","","M","","","",""
"-121.51","53.07","BARKERVILLE","1090660","2010-06-24","2010","06","24","†","15.0","","8.0","","11.5","","6.5","","0.0","","4.2","","0.0","","4.2","","","M","","","",""
"-121.51","53.07","BARKERVILLE","1090660","2010-06-25","2010","06","25","†","15.0","","7.0","","11.0","","7.0","","0.0","","0.8","","0.0","","0.8","","","M","","","",""
"-121.51","53.07","BARKERVILLE","1090660","2010-06-26","2010","06","26","†","19.0","","2.5","","10.8","","7.2","","0.0","","0.0","","0.0","","0.0","","","M","","","",""
"-121.51","53.07","BARKERVILLE","1090660","2010-06-27","2010","06","27","†","18.5","","8.0","","13.3","","4.7","","0.0","","1.4","","0.0","","1.4","","","M","","","",""
"-121.51","53.07","BARKERVILLE","1090660","2010-06-28","2010","06","28","†","17.0","","5.0","","11.0","","7.0","","0.0","","0.6","","0.0","","0.6","","","M","","","",""
"-121.51","53.07","BARKERVILLE","1090660","2010-06-29","2010","06","29","","","","","","","","","","","","","","","","","","","","","","",""
"-121.51","53.07","BARKERVILLE","1090660","2010-06-30","2010","06","30","","","","","","","","","","","","","","","","","","","","","","",""
"-121.51","53.07","BARKERVILLE","1090660","2010-07-01","2010","07","01","†","10.5","","-1.0","","4.8","","13.2","","0.0","","1.0","","0.0","","1.0","","","M","","","",""
"-121.51","53.07","BARKERVILLE","1090660","2010-07-02","2010","07","02","†","11.0","","1.0","","6.0","","12.0","","0.0","","0.0","","0.0","","0.0","","","M","","","",""
"-121.51","53.07","BARKERVILLE","1090660","2010-07-03","2010","07","03","†","14.5","","5.0","","9.8","","8.2","","0.0","","20.8","","0.0","","20.8","","","M","","","",""
"-121.51","53.07","BARKERVILLE","1090660","2010-07-04","2010","07","04","†","11.5","","5.0","","8.3","","9.7","","0.0","","8.0","","0.0","","8.0","","","M","","","",""
"-121.51","53.07","BARKERVILLE","1090660","2010-07-05","2010","07","05","†","19.5","","5.0","","12.3","","5.7","","0.0","","1.0","","0.0","","1.0","","","M","","","",""
"-121.51","53.07","BARKERVILLE","1090660","2010-07-06","2010","07","06","†","24.5","","2.0","","13.3","","4.7","","0.0","","0.0","","0.0","","0.0","","","M","","","",""
"-121.51","53.07","BARKERVILLE","1090660","2010-07-07","2010","07","07","†","24.0","","7.5","","15.8","","2.2","","0.0","","0.0","","0.0","","0.0","","","M","","","",""
"-121.51","53.07","BARKERVILLE","1090660","2010-07-08","2010","07","08","†","27.5","","7.0","","17.3","","0.7","","0.0","","0.0","","0.0","","0.0","","","M","","","",""
"-121.51","53.07","BARKERVILLE","1090660","2010-07-09","2010","07","09","†","25.0","","9.0","","17.0","","1.0","","0.0","","0.0","","0.0","","0.0","","","M","","","",""
"-121.51","53.07","BARKERVILLE","1090660","2010-07-10","2010","07","10","†","18.5","","11.0","","14.8","","3.2","","0.0","","1.2","","0.0","","1.2","","","M","","","",""
"-121.51","53.07","BARKERVILLE","1090660","2010-07-11","2010","07","11","†","23.0","","8.5","","15.8","","2.2","","0.0","","0.2","","0.0","","0.2","","","M","","","",""
"-121.51","53.07","BARKERVILLE","1090660","2010-07-12","2010","07","12","†","11.5","","4.5","","8.0","","10.0","","0.0","","2.8","","0.0","","2.8","","","M","","","",""
"-121.51","53.07","BARKERVILLE","1090660","2010-07-13","2010","07","13","†","13.5","","5.5","","9.5","","8.5","","0.0","","0.4","","0.0","","0.4","","","M","","","",""
"-121.51","53.07","BARKERVILLE","1090660","2010-07-14","2010","07","14","†","20.0","","4.0","","12.0","","6.0","","0.0","","0.0","","0.0","","0.0","","","M","","","",""
"-121.51","53.07","BARKERVILLE","1090660","2010-07-15","2010","07","15","†","17.0","","4.5","","10.8","","7.2","","0.0","","0.0","","0.0","","0.0","","","M","","","",""
"-121.51","53.07","BARKERVILLE","1090660","2010-07-16","2010","07","16","†","16.5","","2.0","","9.3","","8.7","","0.0","","0.0","","0.0","","0.0","","","M","","","",""
"-121.51","53.07","BARKERVILLE","1090660","2010-07-17","2010","07","17","†","21.5","","2.5","","12.0","","6.0","","0.0","","0.0","","0.0","","0.0","","","M","","","",""
"-121.51","53.07","BARKERVILLE","1090660","2010-07-18","2010","07","18","†","19.0","","5.0","","12.0","","6.0","","0.0","","0.0","","0.0","","0.0","","","M","","","",""
"-121.51","53.07","BARKERVILLE","1090660","2010-07-19","2010","07","19","†","20.0","","3.0","","11.5","","6.5","","0.0","","0.0","","0.0","","0.0","","","M","","","",""
"-121.51","53.07","BARKERVILLE","1090660","2010-07-20","2010","07","20","†","23.5","","7.0","","15.3","","2.7","","0.0","","0.0","","0.0","","0.0","","","M","","","",""
"-121.51","53.07","BARKERVILLE","1090660","2010-07-21","2010","07","21","†","24.5","","6.5","","15.5","","2.5","","0.0","","2.4","","0.0","","2.4","","","M","","","",""
"-121.51","53.07","BARKERVILLE","1090660","2010-07-22","2010","07","22","†","13.0","","9.0","","11.0","","7.0","","0.0","","0.6","","0.0","","0.6","","","M","","","",""
"-121.51","53.07","BARKERVILLE","1090660","2010-07-23","2010","07","23","†","22.5","","5.0","","13.8","","4.2","","0.0","","0.0","","0.0","","0.0","","","M","","","",""
"-121.51","53.07","BARKERVILLE","1090660","2010-07-24","2010","07","24","†","20.0","","9.0","","14.5","","3.5","","0.0","","0.0","","0.0","","0.0","","","M","","","",""
"-121.51","53.07","BARKERVILLE","1090660","2010-07-25","2010","07","25","†","21.5","","4.0","","12.8","","5.2","","0.0","","0.0","","0.0","","0.0","","","M","","","",""
"-121.51","53.07","BARKERVILLE","1090660","2010-07-26","2010","07","26","†","22.5","","5.0","","13.8","","4.2","","0.0","","0.0","","0.0","","0.0","","","M","","","",""
"-121.51","53.07","BARKERVILLE","1090660","2010-07-27","2010","07","27","†","27.5","","6.5","","17.0","","1.0","","0.0","","2.4","","0.0","","2.4","","","M","","","",""
"-121.51","53.07","BARKERVILLE","1090660","2010-07-28","2010","07","28","†","26.0","","10.0","","18.0","","0.0","","0.0","","0.0","","0.0","","0.0","","","M","","","",""
"-121.51","53.07","BARKERVILLE","1090660","2010-07-29","2010","07","29","†","23.0","","9.0","","16.0","","2.0","","0.0","","0.0","","0.0","","0.0","","","M","","","",""
"-121.51","53.07","BARKERVILLE","1090660","2010-07-30","2010","07","30","†","23.0","","7.5","","15.3","","2.7","","0.0","","0.0","","0.0","","0.0","","","M","","","",""
"-121.51","53.07","BARKERVILLE","1090660","2010-07-31","2010","07","31","†","25.0","","7.0","","16.0","","2.0","","0.0","","0.0","","0.0","","0.0","","","M","","","",""
"-121.51","53.07","BARKERVILLE","1090660","2010-08-01","2010","08","01","","","","","","","","","","","","","","","","","","","","","","",""
"-121.51","53.07","BARKERVILLE","1090660","2010-08-02","2010","08","02","","","","","","","","","","","","","","","","","","","","","","",""
"-121.51","53.07","BARKERVILLE","1090660","2010-08-03","2010","08","03","","","","","","","","","","","","","","","","","","","","","","",""
"-121.51","53.07","BARKERVILLE","1090660","2010-08-04","2010","08","04","","","","","","","","","","","","","","","","","","","","","","",""
"-121.51","53.07","BARKERVILLE","1090660","2010-08-05","2010","08","05","","","","","","","","","","","","","","","","","","","","","","",""
"-121.51","53.07","BARKERVILLE","1090660","2010-08-06","2010","08","06","","","","","","","","","","","","","","","","","","","","","","",""
"-121.51","53.07","BARKERVILLE","1090660","2010-08-07","2010","08","07","","","","","","","","","","","","","","","","","","","","","","",""
"-121.51","53.07","BARKERVILLE","1090660","2010-08-08","2010","08","08","","","","","","","","","","","","","","","","","","","","","","",""
"-121.51","53.07","BARKERVILLE","1090660","2010-08-09","2010","08","09","","","","","","","","","","","","","","","","","","","","","","",""
"-121.51","53.07","BARKERVILLE","1090660","2010-08-10","2010","08","10","","","","","","","","","","","","","","","","","","","","","","",""
"-121.51","53.07","BARKERVILLE","1090660","2010-08-11","2010","08","11","","","","","","","","","","","","","","","","","","","","","","",""
"-121.51","53.07","BARKERVILLE","1090660","2010-08-12","2010","08","12","","","","","","","","","","","","","","","","","","","","","","",""
"-121.51","53.07","BARKERVILLE","1090660","2010-08-13","2010","08","13","","","","","","","","","","","","","","","","","","","","","","",""
"-121.51","53.07","BARKERVILLE","1090660","2010-08-14","2010","08","14","","","","","","","","","","","","","","","","","","","","","","",""
"-121.51","53.07","BARKERVILLE","1090660","2010-08-15","2010","08","15","","","","","","","","","","","","","","","","","","","","","","",""
"-121.51","53.07","BARKERVILLE","1090660","2010-08-16","2010","08","16","","","","","","","","","","","","","","","","","","","","","","",""
"-121.51","53.07","BARKERVILLE","1090660","2010-08-17","2010","08","17","","","","","","","","","","","","","","","","","","","","","","",""
"-121.51","53.07","BARKERVILLE","1090660","2010-08-18","2010","08","18","","","","","","","","","","","","","","","","","","","","","","",""
"-121.51","53.07","BARKERVILLE","1090660","2010-08-19","2010","08","19","","","","","","","","","","","","","","","","","","","","","","",""
"-121.51","53.07","BARKERVILLE","1090660","2010-08-20","2010","08","20","","","","","","","","","","","","","","","","","","","","","","",""
"-121.51","53.07","BARKERVILLE","1090660","2010-08-21","2010","08","21","","","","","","","","","","","","","","","","","","","","","","",""
"-121.51","53.07","BARKERVILLE","1090660","2010-08-22","2010","08","22","","","","","","","","","","","","","","","","","","","","","","",""
"-121.51","53.07","BARKERVILLE","1090660","2010-08-23","2010","08","23","","","","","","","","","","","","","","","","","","","","","","",""
"-121.51","53.07","BARKERVILLE","1090660","2010-08-24","2010","08","24","","","","","","","","","","","","","","","","","","","","","","",""
"-121.51","53.07","BARKERVILLE","1090660","2010-08-25","2010","08","25","","","","","","","","","","","","","","","","","","","","","","",""
"-121.51","53.07","BARKERVILLE","1090660","2010-08-26","2010","08","26","","","","","","","","","","","","","","","","","","","","","","",""
"-121.51","53.07","BARKERVILLE","1090660","2010-08-27","2010","08","27","","","","","","","","","","","","","","","","","","","","","","",""
"-121.51","53.07","BARKERVILLE","1090660","2010-08-28","2010","08","28","","","","","","","","","","","","","","","","","","","","","","",""
"-121.51","53.07","BARKERVILLE","1090660","2010-08-29","2010","08","29","","","","","","","","","","","","","","","","","","","","","","",""
"-121.51","53.07","BARKERVILLE","1090660","2010-08-30","2010","08","30","","","","","","","","","","","","","","","","","","","","","","",""
"-121.51","53.07","BARKERVILLE","1090660","2010-08-31","2010","08","31","","","","","","","","","","","","","","","","","","","","","","",""
"-121.51","53.07","BARKERVILLE","1090660","2010-09-01","2010","09","01","†","10.0","","3.0","","6.5","","11.5","","0.0","","0.6","","0.0","","0.6","","","M","","","",""
"-121.51","53.07","BARKERVILLE","1090660","2010-09-02","2010","09","02","†","18.5","","0.0","","9.3","","8.7","","0.0","","0.6","","0.0","","0.6","","","M","","","",""
"-121.51","53.07","BARKERVILLE","1090660","2010-09-03","2010","09","03","†","20.5","","5.0","","12.8","","5.2","","0.0","","16.5","","0.0","","16.5","","","M","","","",""
"-121.51","53.07","BARKERVILLE","1090660","2010-09-04","2010","09","04","†","10.0","","2.5","","6.3","","11.7","","0.0","","13.6","","0.0","T","13.6","","","M","","","",""
"-121.51","53.07","BARKERVILLE","1090660","2010-09-05","2010","09","05","","","","","","","","","","","","","","","","","","","","","","",""
"-121.51","53.07","BARKERVILLE","1090660","2010-09-06","2010","09","06","†","11.5","","2.0","","6.8","","11.2","","0.0","","4.2","","0.0","","4.2","","","M","","","",""
"-121.51","53.07","BARKERVILLE","1090660","2010-09-07","2010","09","07","†","13.5","","-0.5","","6.5","","11.5","","0.0","","1.8","","0.0","","1.8","","","M","","","",""
"-121.51","53.07","BARKERVILLE","1090660","2010-09-08","2010","09","08","†","15.0","","4.0","","9.5","","8.5","","0.0","","0.0","T","0.0","","0.0","T","","M","","","",""
"-121.51","53.07","BARKERVILLE","1090660","2010-09-09","2010","09","09","†","10.5","","1.0","","5.8","","12.2","","0.0","","2.0","","0.0","","2.0","","","M","","","",""
"-121.51","53.07","BARKERVILLE","1090660","2010-09-10","2010","09","10","†","10.0","","2.5","","6.3","","11.7","","0.0","","1.9","","0.0","","1.9","","","M","","","",""
"-121.51","53.07","BARKERVILLE","1090660","2010-09-11","2010","09","11","†","11.0","","2.0","","6.5","","11.5","","0.0","","2.6","","0.0","","2.6","","","M","","","",""
"-121.51","53.07","BARKERVILLE","1090660","2010-09-12","2010","09","12","†","8.0","","4.5","","6.3","","11.7","","0.0","","7.2","","0.0","","7.2","","","M","","","",""
"-121.51","53.07","BARKERVILLE","1090660","2010-09-13","2010","09","13","†","10.5","","2.5","","6.5","","11.5","","0.0","","0.8","","0.0","","0.8","","","M","","","",""
"-121.51","53.07","BARKERVILLE","1090660","2010-09-14","2010","09","14","†","12.0","","-1.0","","5.5","","12.5","","0.0","","1.4","","0.0","","1.4","","","M","","","",""
"-121.51","53.07","BARKERVILLE","1090660","2010-09-15","2010","09","15","†","9.0","","4.0","","6.5","","11.5","","0.0","","6.6","","0.0","","6.6","","","M","","","",""
"-121.51","53.07","BARKERVILLE","1090660","2010-09-16","2010","09","16","†","13.0","","1.0","","7.0","","11.0","","0.0","","0.0","","0.0","","0.0","","","M","","","",""
"-121.51","53.07","BARKERVILLE","1090660","2010-09-17","2010","09","17","†","12.5","","-2.5","","5.0","","13.0","","0.0","","0.4","","0.0","","0.4","","","M","","","",""
"-121.51","53.07","BARKERVILLE","1090660","2010-09-18","2010","09","18","†","13.0","","-2.3","","5.4","","12.6","","0.0","","12.5","","0.0","","12.5","","","M","","","",""
"-121.51","53.07","BARKERVILLE","1090660","2010-09-19","2010","09","19","†","6.0","","3.0","","4.5","","13.5","","0.0","","20.5","","2.0","","22.5","","","M","","","",""
"-121.51","53.07","BARKERVILLE","1090660","2010-09-20","2010","09","20","†","3.0","","0.0","","1.5","","16.5","","0.0","","3.4","","0.0","","3.4","","","M","","","",""
"-121.51","53.07","BARKERVILLE","1090660","2010-09-21","2010","09","21","†","6.5","","1.0","","3.8","","14.2","","0.0","","0.0","","0.0","","0.0","","","M","","","",""
"-121.51","53.07","BARKERVILLE","1090660","2010-09-22","2010","09","22","†","12.0","","-3.0","","4.5","","13.5","","0.0","","0.0","T","0.0","","0.0","T","","M","","","",""
"-121.51","53.07","BARKERVILLE","1090660","2010-09-23","2010","09","23","†","10.0","","-0.5","","4.8","","13.2","","0.0","","1.4","","0.0","","1.4","","","M","","","",""
"-121.51","53.07","BARKERVILLE","1090660","2010-09-24","2010","09","24","†","12.5","","-0.5","","6.0","","12.0","","0.0","","3.4","","0.0","","3.4","","","M","","","",""
"-121.51","53.07","BARKERVILLE","1090660","2010-09-25","2010","09","25","†","15.0","","5.0","","10.0","","8.0","","0.0","","11.8","","0.0","","11.8","","","M","","","",""
"-121.51","53.07","BARKERVILLE","1090660","2010-09-26","2010","09","26","†","15.0","","5.0","","10.0","","8.0","","0.0","","1.0","","0.0","","1.0","","","M","","","",""
"-121.51","53.07","BARKERVILLE","1090660","2010-09-27","2010","09","27","†","16.0","","7.0","","11.5","","6.5","","0.0","","12.0","","0.0","","12.0","","","M","","","",""
"-121.51","53.07","BARKERVILLE","1090660","2010-09-28","2010","09","28","†","13.0","","7.0","","10.0","","8.0","","0.0","","0.6","","0.0","","0.6","","","M","","","",""
"-121.51","53.07","BARKERVILLE","1090660","2010-09-29","2010","09","29","†","12.5","","-1.0","","5.8","","12.2","","0.0","","0.0","","0.0","","0.0","","","M","","","",""
"-121.51","53.07","BARKERVILLE","1090660","2010-09-30","2010","09","30","","","","","","","","","","","","","","","","","","","","","","",""
"-121.51","53.07","BARKERVILLE","1090660","2010-10-01","2010","10","01","","","","","","","","","","","","","","","","","","","","","","",""
"-121.51","53.07","BARKERVILLE","1090660","2010-10-02","2010","10","02","","","","","","","","","","","","","","","","","","","","","","",""
"-121.51","53.07","BARKERVILLE","1090660","2010-10-03","2010","10","03","","","","","","","","","","","","","","","","","","","","","","",""
"-121.51","53.07","BARKERVILLE","1090660","2010-10-04","2010","10","04","","","","","","","","","","","","","","","","","","","","","","",""
"-121.51","53.07","BARKERVILLE","1090660","2010-10-05","2010","10","05","","","","","","","","","","","","","","","","","","","","","","",""
"-121.51","53.07","BARKERVILLE","1090660","2010-10-06","2010","10","06","","","","","","","","","","","","","","","","","","","","","","",""
"-121.51","53.07","BARKERVILLE","1090660","2010-10-07","2010","10","07","","","","","","","","","","","","","","","","","","","","","","",""
"-121.51","53.07","BARKERVILLE","1090660","2010-10-08","2010","10","08","","","","","","","","","","","","","","","","","","","","","","",""
"-121.51","53.07","BARKERVILLE","1090660","2010-10-09","2010","10","09","","","","","","","","","","","","","","","","","","","","","","",""
"-121.51","53.07","BARKERVILLE","1090660","2010-10-10","2010","10","10","","","","","","","","","","","","","","","","","","","","","","",""
"-121.51","53.07","BARKERVILLE","1090660","2010-10-11","2010","10","11","","","","","","","","","","","","","","","","","","","","","","",""
"-121.51","53.07","BARKERVILLE","1090660","2010-10-12","2010","10","12","","","","","","","","","","","","","","","","","","","","","","",""
"-121.51","53.07","BARKERVILLE","1090660","2010-10-13","2010","10","13","","","","","","","","","","","","","","","","","","","","","","",""
"-121.51","53.07","BARKERVILLE","1090660","2010-10-14","2010","10","14","","","","","","","","","","","","","","","","","","","","","","",""
"-121.51","53.07","BARKERVILLE","1090660","2010-10-15","2010","10","15","","","","","","","","","","","","","","","","","","","","","","",""
"-121.51","53.07","BARKERVILLE","1090660","2010-10-16","2010","10","16","","","","","","","","","","","","","","","","","","","","","","",""
"-121.51","53.07","BARKERVILLE","1090660","2010-10-17","2010","10","17","","","","","","","","","","","","","","","","","","","","","","",""
"-121.51","53.07","BARKERVILLE","1090660","2010-10-18","2010","10","18","","","","","","","","","","","","","","","","","","","","","","",""
"-121.51","53.07","BARKERVILLE","1090660","2010-10-19","2010","10","19","","","","","","","","","","","","","","","","","","","","","","",""
"-121.51","53.07","BARKERVILLE","1090660","2010-10-20","2010","10","20","","","","","","","","","","","","","","","","","","","","","","",""
"-121.51","53.07","BARKERVILLE","1090660","2010-10-21","2010","10","21","","","","","","","","","","","","","","","","","","","","","","",""
"-121.51","53.07","BARKERVILLE","1090660","2010-10-22","2010","10","22","","","","","","","","","","","","","","","","","","","","","","",""
"-121.51","53.07","BARKERVILLE","1090660","2010-10-23","2010","10","23","","","","","","","","","","","","","","","","","","","","","","",""
"-121.51","53.07","BARKERVILLE","1090660","2010-10-24","2010","10","24","","","","","","","","","","","","","","","","","","","","","","",""
"-121.51","53.07","BARKERVILLE","1090660","2010-10-25","2010","10","25","","","","","","","","","","","","","","","","","","","","","","",""
"-121.51","53.07","BARKERVILLE","1090660","2010-10-26","2010","10","26","","","","","","","","","","","","","","","","","","","","","","",""
"-121.51","53.07","BARKERVILLE","1090660","2010-10-27","2010","10","27","","","","","","","","","","","","","","","","","","","","","","",""
"-121.51","53.07","BARKERVILLE","1090660","2010-10-28","2010","10","28","","","","","","","","","","","","","","","","","","","","","","",""
"-121.51","53.07","BARKERVILLE","1090660","2010-10-29","2010","10","29","","","","","","","","","","","","","","","","","","","","","","",""
"-121.51","53.07","BARKERVILLE","1090660","2010-10-30","2010","10","30","","","","","","","","","","","","","","","","","","","","","","",""
"-121.51","53.07","BARKERVILLE","1090660","2010-10-31","2010","10","31","","","","","","","","","","","","","","","","","","","","","","",""
"-121.51","53.07","BARKERVILLE","1090660","2010-11-01","2010","11","01","","","","","","","","","","","","","","","","","","","","","","",""
"-121.51","53.07","BARKERVILLE","1090660","2010-11-02","2010","11","02","","","","","","","","","","","","","","","","","","","","","","",""
"-121.51","53.07","BARKERVILLE","1090660","2010-11-03","2010","11","03","","","","","","","","","","","","","","","","","","","","","","",""
"-121.51","53.07","BARKERVILLE","1090660","2010-11-04","2010","11","04","","","","","","","","","","","","","","","","","","","","","","",""
"-121.51","53.07","BARKERVILLE","1090660","2010-11-05","2010","11","05","","","","","","","","","","","","","","","","","","","","","","",""
"-121.51","53.07","BARKERVILLE","1090660","2010-11-06","2010","11","06","","","","","","","","","","","","","","","","","","","","","","",""
"-121.51","53.07","BARKERVILLE","1090660","2010-11-07","2010","11","07","","","","","","","","","","","","","","","","","","","","","","",""
"-121.51","53.07","BARKERVILLE","1090660","2010-11-08","2010","11","08","","","","","","","","","","","","","","","","","","","","","","",""
"-121.51","53.07","BARKERVILLE","1090660","2010-11-09","2010","11","09","","","","","","","","","","","","","","","","","","","","","","",""
"-121.51","53.07","BARKERVILLE","1090660","2010-11-10","2010","11","10","","","","","","","","","","","","","","","","","","","","","","",""
"-121.51","53.07","BARKERVILLE","1090660","2010-11-11","2010","11","11","","","","","","","","","","","","","","","","","","","","","","",""
"-121.51","53.07","BARKERVILLE","1090660","2010-11-12","2010","11","12","","","","","","","","","","","","","","","","","","","","","","",""
"-121.51","53.07","BARKERVILLE","1090660","2010-11-13","2010","11","13","","","","","","","","","","","","","","","","","","","","","","",""
"-121.51","53.07","BARKERVILLE","1090660","2010-11-14","2010","11","14","","","","","","","","","","","","","","","","","","","","","","",""
"-121.51","53.07","BARKERVILLE","1090660","2010-11-15","2010","11","15","","","","","","","","","","","","","","","","","","","","","","",""
"-121.51","53.07","BARKERVILLE","1090660","2010-11-16","2010","11","16","","","","","","","","","","","","","","","","","","","","","","",""
"-121.51","53.07","BARKERVILLE","1090660","2010-11-17","2010","11","17","","","","","","","","","","","","","","","","","","","","","","",""
"-121.51","53.07","BARKERVILLE","1090660","2010-11-18","2010","11","18","","","","","","","","","","","","","","","","","","","","","","",""
"-121.51","53.07","BARKERVILLE","1090660","2010-11-19","2010","11","19","","","","","","","","","","","","","","","","","","","","","","",""
"-121.51","53.07","BARKERVILLE","1090660","2010-11-20","2010","11","20","","","","","","","","","","","","","","","","","","","","","","",""
"-121.51","53.07","BARKERVILLE","1090660","2010-11-21","2010","11","21","","","","","","","","","","","","","","","","","","","","","","",""
"-121.51","53.07","BARKERVILLE","1090660","2010-11-22","2010","11","22","","","","","","","","","","","","","","","","","","","","","","",""
"-121.51","53.07","BARKERVILLE","1090660","2010-11-23","2010","11","23","","","","","","","","","","","","","","","","","","","","","","",""
"-121.51","53.07","BARKERVILLE","1090660","2010-11-24","2010","11","24","","","","","","","","","","","","","","","","","","","","","","",""
"-121.51","53.07","BARKERVILLE","1090660","2010-11-25","2010","11","25","","","","","","","","","","","","","","","","","","","","","","",""
"-121.51","53.07","BARKERVILLE","1090660","2010-11-26","2010","11","26","","","","","","","","","","","","","","","","","","","","","","",""
"-121.51","53.07","BARKERVILLE","1090660","2010-11-27","2010","11","27","","","","","","","","","","","","","","","","","","","","","","",""
"-121.51","53.07","BARKERVILLE","1090660","2010-11-28","2010","11","28","","","","","","","","","","","","","","","","","","","","","","",""
"-121.51","53.07","BARKERVILLE","1090660","2010-11-29","2010","11","29","","","","","","","","","","","","","","","","","","","","","","",""
"-121.51","53.07","BARKERVILLE","1090660","2010-11-30","2010","11","30","","","","","","","","","","","","","","","","","","","","","","",""
"-121.51","53.07","BARKERVILLE","1090660","2010-12-01","2010","12","01","","","","","","","","","","","","","","","","","","","","","","",""
"-121.51","53.07","BARKERVILLE","1090660","2010-12-02","2010","12","02","","","","","","","","","","","","","","","","","","","","","","",""
"-121.51","53.07","BARKERVILLE","1090660","2010-12-03","2010","12","03","","","","","","","","","","","","","","","","","","","","","","",""
"-121.51","53.07","BARKERVILLE","1090660","2010-12-04","2010","12","04","","","","","","","","","","","","","","","","","","","","","","",""
"-121.51","53.07","BARKERVILLE","1090660","2010-12-05","2010","12","05","","","","","","","","","","","","","","","","","","","","","","",""
"-121.51","53.07","BARKERVILLE","1090660","2010-12-06","2010","12","06","","","","","","","","","","","","","","","","","","","","","","",""
"-121.51","53.07","BARKERVILLE","1090660","2010-12-07","2010","12","07","","","","","","","","","","","","","","","","","","","","","","",""
"-121.51","53.07","BARKERVILLE","1090660","2010-12-08","2010","12","08","","","","","","","","","","","","","","","","","","","","","","",""
"-121.51","53.07","BARKERVILLE","1090660","2010-12-09","2010","12","09","","","","","","","","","","","","","","","","","","","","","","",""
"-121.51","53.07","BARKERVILLE","1090660","2010-12-10","2010","12","10","","","","","","","","","","","","","","","","","","","","","","",""
"-121.51","53.07","BARKERVILLE","1090660","2010-12-11","2010","12","11","","","","","","","","","","","","","","","","","","","","","","",""
"-121.51","53.07","BARKERVILLE","1090660","2010-12-12","2010","12","12","","","","","","","","","","","","","","","","","","","","","","",""
"-121.51","53.07","BARKERVILLE","1090660","2010-12-13","2010","12","13","","","","","","","","","","","","","","","","","","","","","","",""
"-121.51","53.07","BARKERVILLE","1090660","2010-12-14","2010","12","14","","","","","","","","","","","","","","","","","","","","","","",""
"-121.51","53.07","BARKERVILLE","1090660","2010-12-15","2010","12","15","","","","","","","","","","","","","","","","","","","","","","",""
"-121.51","53.07","BARKERVILLE","1090660","2010-12-16","2010","12","16","","","","","","","","","","","","","","","","","","","","","","",""
"-121.51","53.07","BARKERVILLE","1090660","2010-12-17","2010","12","17","","","","","","","","","","","","","","","","","","","","","","",""
"-121.51","53.07","BARKERVILLE","1090660","2010-12-18","2010","12","18","","","","","","","","","","","","","","","","","","","","","","",""
"-121.51","53.07","BARKERVILLE","1090660","2010-12-19","2010","12","19","","","","","","","","","","","","","","","","","","","","","","",""
"-121.51","53.07","BARKERVILLE","1090660","2010-12-20","2010","12","20","","","","","","","","","","","","","","","","","","","","","","",""
"-121.51","53.07","BARKERVILLE","1090660","2010-12-21","2010","12","21","","","","","","","","","","","","","","","","","","","","","","",""
"-121.51","53.07","BARKERVILLE","1090660","2010-12-22","2010","12","22","","","","","","","","","","","","","","","","","","","","","","",""
"-121.51","53.07","BARKERVILLE","1090660","2010-12-23","2010","12","23","","","","","","","","","","","","","","","","","","","","","","",""
"-121.51","53.07","BARKERVILLE","1090660","2010-12-24","2010","12","24","","","","","","","","","","","","","","","","","","","","","","",""
"-121.51","53.07","BARKERVILLE","1090660","2010-12-25","2010","12","25","","","","","","","","","","","","","","","","","","","","","","",""
"-121.51","53.07","BARKERVILLE","1090660","2010-12-26","2010","12","26","","","","","","","","","","","","","","","","","","","","","","",""
"-121.51","53.07","BARKERVILLE","1090660","2010-12-27","2010","12","27","","","","","","","","","","","","","","","","","","","","","","",""
"-121.51","53.07","BARKERVILLE","1090660","2010-12-28","2010","12","28","","","","","","","","","","","","","","","","","","","","","","",""
"-121.51","53.07","BARKERVILLE","1090660","2010-12-29","2010","12","29","","","","","","","","","","","","","","","","","","","","","","",""
"-121.51","53.07","BARKERVILLE","1090660","2010-12-30","2010","12","30","","","","","","","","","","","","","","","","","","","","","","",""
"-121.51","53.07","BARKERVILLE","1090660","2010-12-31","2010","12","31","","","","","","","","","","","","","","","","","","","","","","",""
